39.19028912168706,-96.58273910004637,1.8238690683340744,9.110574221999968
39.190287536936836,-96.58273027378762,1.8195057452040886,0.31802582500017706
39.19028592513761,-96.58272417779308,1.8268361280624648,0.9616977869998209
39.1902843715373,-96.58272024586677,1.8266615951372653,0.21910270399985166
39.19028297044339,-96.58271768117025,1.8184585476528918,0.3209122539999498
39.190281746976375,-96.58271649719109,1.8303267865664534,0.6601945580000574
39.19028069055613,-96.58271592615448,1.8257889305112682,0.21887426800003595
39.19027980173492,-96.58271584433699,1.8278833256136615,0.32121189099984804
39.190279060290216,-96.58271595726742,1.826487062212066,0.7590719199999967
39.19027844901413,-96.58271612082429,1.824043601259274,0.21978305499987982
39.190277951222576,-96.5827164744461,1.829279589015257,0.32098123399987344
39.190277518440716,-96.5827164989667,1.8214256073812822,0.9610175200000413
39.19027718130387,-96.58271678777707,1.8298031877908552,0.22699684700000944
39.19027689153848,-96.58271699409765,1.8278833256136615,1.5722873889999391
39.19027664857383,-96.58271701811171,1.8238690683340744,0.31892128599997704
39.19027644590276,-96.58271699886727,1.8226473378576784,0.3210129300000517
39.19027627558977,-96.58271698883023,1.823694535408875,0.9588684820000708
39.19027613420651,-96.5827170968409,1.8252653317356697,0.32120373399993696
39.19027601100909,-96.582717131724,1.8242181341844732,0.32165860899999643
39.190275897223124,-96.58271706510526,1.8200293439796869,0.958172513999898
39.19027581465174,-96.58271706944547,1.8226473378576784,0.31907735499999035
39.19027575890285,-96.58271703151243,1.8238690683340744,1.0799024479999844
39.19027571958916,-96.58271728109595,1.8331193133696444,0.3202375430000757
39.190275660624614,-96.58271725673347,1.8249162658852711,0.31983624899999086
39.19027563107864,-96.58271712152808,1.8221237390820801,0.9601439799998843
39.19027561887147,-96.58271708856847,1.8254398646608694,0.31910042800018346
39.190275606154025,-96.58271728521075,1.8310249182672511,0.322064982000029
39.19027558238754,-96.58271703125256,1.8181094818024932,0.9597533759999806
39.19027557259011,-96.5827169023818,1.8228218707828778,0.3202642830001423
39.190275554971606,-96.5827166415545,1.817236817176496,0.3226327880001918
39.19027556736611,-96.58271658490975,1.8247417329600715,0.6572389010000279
39.19027556533409,-96.58271648293811,1.8228218707828778,0.3189399179998418
39.19027555973445,-96.58271591394085,1.8078120392157264,0.321317585000088
39.19027556959501,-96.58271551358513,1.8123498952709118,0.6588597679999566
39.190275582373594,-96.58271537154091,1.8191566793536897,0.3211444240000674
39.190275582016255,-96.58271552560481,1.8280578585388607,0.32105785999988257
39.190275567980265,-96.58271566378701,1.8275342597632624,0.6587185450000561
39.1902755416363,-96.58271568342919,1.8256143975860686,0.3200072770000588
39.190275520441055,-96.5827154808649,1.8189821464284903,0.32294268900000134
39.190275519189065,-96.58271549287562,1.8263125292868665,0.6570620300001337
39.19027551431596,-96.58271570168286,1.8320721158184476,0.3191469739999775
39.190275501185134,-96.58271557796674,1.822472804932479,0.3200152539998271
39.1902755095084,-96.5827155183462,1.8256143975860686,0.45998951199999283
39.19027551724693,-96.58271542805377,1.823694535408875,0.3309612109999307
39.19027552968891,-96.58271518824898,1.8195057452040886,0.9679647240000122
39.19027553977841,-96.58271507920801,1.8238690683340744,0.3209512050000285
39.19027555001189,-96.58271491472037,1.8203784098300857,0.31904459799989127
39.19027558198205,-96.58271477721323,1.8222982720072793,0.6611530979998861
39.19027560445127,-96.58271475882896,1.8254398646608694,0.3200083980000272
39.19027561695696,-96.58271464857646,1.8222982720072793,0.3239648359999592
39.19027561970055,-96.5827141985084,1.8118262964953136,0.6558698060000552
39.19027563360344,-96.58271392767972,1.8161896196252993,0.3184172590001708
39.190275653816,-96.58271385442056,1.8219492061568807,0.3218200030000844
39.190275618640136,-96.58271361642382,1.8184585476528918,0.9600089400000797
39.19027558490894,-96.58271351265222,1.8221237390820801,0.31981780099999924
39.19027554252674,-96.58271343411216,1.8221237390820801,0.319197511000084
39.1902754573417,-96.58271323950942,1.8200293439796869,0.660786360999964
39.19027538074675,-96.58271315791278,1.8249162658852711,0.31904781000002913
39.19027530767796,-96.5827128503241,1.8154914879245014,0.3205084240000815
39.19027524250637,-96.58271285572086,1.827359726838063,0.6604910450000716
39.190275183467996,-96.58271284880986,1.8254398646608694,0.3200692390000768
39.19027513282864,-96.58271300851578,1.8315485170428494,0.3242396519999602
39.19027508612581,-96.5827126772923,1.8160150867001,0.5557370470000933
39.190275051254446,-96.58271247712962,1.8207274756804845,0.42669833700006166
39.19027501651616,-96.58271207110465,1.813222559896909,0.7745629020000706
39.19027501160054,-96.58271224335228,1.8306758524168523,0.2227772900000673
39.19027499001901,-96.58271231650546,1.8270106609876642,1.1742696690000685
39.190274986115035,-96.58271226316428,1.824043601259274,0.2198567870000261
39.19027497802242,-96.58271220822412,1.823694535408875,0.22104241599981833
39.190274986906076,-96.58271209807498,1.8222982720072793,0.6608448819999921
39.19027493618007,-96.58271197282639,1.823694535408875,0.22832490599989796
39.19027489008946,-96.58271169818126,1.819680278129288,1.172023701999933
39.19027485364896,-96.58271127625719,1.8137461586725072,0.22182707000001756
39.190274835679205,-96.58271122903793,1.8238690683340744,0.2200315350000892
39.19027479820459,-96.58271102048833,1.8175858830268947,0.4578938880001715
39.190274784464464,-96.58271103775031,1.824043601259274,0.2270031719999679
39.19027478808736,-96.58271112206927,1.826487062212066,1.372057308000194
39.19027479325959,-96.58271092971023,1.8186330805780915,0.21997658299983414
39.19027481192642,-96.5827109301113,1.8250907988104703,0.22308197499978633
39.19027482283426,-96.58271113713937,1.8318975828932482,0.6582987889999004
39.190274823656,-96.58271111880735,1.8252653317356697,0.3196865039999466
39.19027484463752,-96.5827110892351,1.8252653317356697,0.3189028829999643
39.19027486282152,-96.58271090052821,1.8195057452040886,0.6602744360000088
39.19027491526831,-96.58271123856404,1.8359118401728352,0.32107896400020763
39.19027519987341,-96.58270887710864,1.8252653317356697,1.0787990240000909
39.190275440660464,-96.58270668101324,1.8219492061568807,0.31919961800008423
39.190275632249126,-96.58270483059583,1.8242181341844732,0.3209250720001364
39.19027580083301,-96.58270336316167,1.8303267865664534,0.6608172070000364
39.190275915767515,-96.58270186637206,1.8210765415308836,0.3191659999999956
39.19027601008016,-96.58270059072501,1.8216001403064819,0.3211682290000226
39.19027606892608,-96.58269954942793,1.8165386854756982,0.9579981030001363
39.19027610575958,-96.58269880893349,1.8182840147276926,0.3221230139999989
39.19027612814802,-96.58269826673875,1.8184585476528918,0.32063398700006474
39.1902761521105,-96.58269827389621,1.8331193133696444,0.9592934620000051
39.19027615594823,-96.58269811210643,1.8261379963616668,0.31890553399989585
39.19027615609378,-96.58269755971159,1.8130480269717095,0.3200260690000505
39.190276172161845,-96.58269756003529,1.8228218707828778,0.9598465709998436
39.19027617330775,-96.5826979604042,1.8322466487436473,0.3193327659998886
39.19027616138104,-96.58269828586555,1.8287559902396586,0.32082861799995044
39.19027615763366,-96.58269841460212,1.8228218707828778,0.9599734060000173
39.19027615493992,-96.58269856017857,1.8249162658852711,0.32019756700015023
39.190276148372796,-96.58269872001216,1.8263125292868665,0.3249218870000732
39.190276127876025,-96.58269879037051,1.8252653317356697,0.6549011310000878
39.19027609361712,-96.58269883869808,1.8235200024836755,0.3201702999999725
39.190276065911995,-96.58269889665631,1.8235200024836755,0.3198419960001502
39.190276038568186,-96.5826991643453,1.8291050560900572,0.4610956690000876
39.190275964333395,-96.5826993234007,1.8188076135032907,0.9988821790000202
39.190275902943014,-96.58269954554362,1.819680278129288,0.32107850600004895
39.190275841575854,-96.58269990403124,1.8242181341844732,0.3231756600000608
39.19027577361807,-96.58270019856711,1.8243926671096726,0.656654387999879
39.190275705786775,-96.5827002207324,1.8186330805780915,0.3191972950000945
39.19027567953276,-96.58270056662704,1.8306758524168523,0.320028905000072
39.19027564111974,-96.58270088846574,1.8308503853420517,0.9599626310000531
39.19027560307677,-96.58270117438433,1.8303267865664534,0.31903016799992656
39.19027557019501,-96.58270130403554,1.8271851939128636,0.32125256900008026
39.190275525606225,-96.58270132215945,1.8205529427552851,0.9597146930000235
39.1902754882576,-96.58270118061976,1.8149678891489032,0.32006429199986997
39.190275458906584,-96.58270118870178,1.8186330805780915,0.31892211700005646
39.19027542632258,-96.58270148214639,1.8257889305112682,0.9610452209999494
39.19027537651385,-96.58270159294085,1.8207274756804845,0.3184182709999277
39.19027535347633,-96.58270175112011,1.823694535408875,0.32102665600018554
39.190275319462934,-96.58270195637752,1.8252653317356697,0.9597285890001785
39.19027529879127,-96.58270226377591,1.8311994511924505,0.3209551139998439
39.19027526724533,-96.58270197513647,1.814793356223704,0.3184143309999854
39.19027528562763,-96.58270188581287,1.8245672000348723,0.6618447900000319
39.19027528825781,-96.58270159261889,1.8177604159520944,0.33159444300008545
39.19027530607373,-96.58270146713667,1.8256143975860686,1.068019521999986
39.19027531378008,-96.58270136536835,1.8245672000348723,0.3201712420000149
39.19027531331643,-96.58270128345309,1.824043601259274,0.31907794600010675
39.19027529035693,-96.58270135082756,1.8261379963616668,0.6607271089999358
39.190275258649294,-96.58270134928836,1.8235200024836755,0.3192274969999289
39.1902752206108,-96.58270111223936,1.8149678891489032,0.32106144499994116
39.19027520161959,-96.58270114292564,1.822472804932479,0.9589516169999115
39.19027516766493,-96.58270126662832,1.8256143975860686,0.321034556000086
39.19027512989676,-96.58270116498231,1.8188076135032907,0.3192120349999641
39.19027508336277,-96.58270108974376,1.8184585476528918,0.960813263000091
39.190275046974136,-96.58270123962623,1.8245672000348723,0.3189207460000034
39.19027499771772,-96.5827014115045,1.8250907988104703,0.3203187710000748
39.19027495890843,-96.58270170747114,1.828930523164858,0.9607657779999954
39.19027491804006,-96.582702153003,1.8343410438460404,0.32006413799990696
39.19027486497236,-96.58270232520069,1.8263125292868665,0.319164297000043
39.190274794844356,-96.58270244995705,1.8245672000348723,0.9608539010000641
39.19027473596524,-96.58270228295493,1.8151424220741028,0.31894770700000663
39.19027468123186,-96.58270216614581,1.8167132184008976,0.32131945599985556
39.190274613652704,-96.58270234721394,1.8256143975860686,0.6587830940000003
39.19027455172723,-96.58270261731992,1.829279589015257,0.3250083559998984
39.1902744583733,-96.5827024932683,1.8203784098300857,1.275973828999895
39.190274394061575,-96.58270264298291,1.8305013194916528,0.4285108100000343
39.1902743125629,-96.58270231624168,1.8163641525504985,0.6705068389999269
39.19027427818227,-96.5827022590574,1.8259634634364676,0.320035297000004
39.19027422998258,-96.58270211820314,1.823694535408875,0.3199905949998083
39.19027417902309,-96.5827018258453,1.8212510744560828,0.6610853789998146
39.190274143375206,-96.58270150211933,1.8200293439796869,0.31893348299990976
39.19027412476725,-96.58270155125403,1.8329447804444448,0.3193663460001517
39.190274083370134,-96.58270127931176,1.8266615951372653,0.9606497329998547
39.19027405594662,-96.58270089841453,1.8229964037080773,0.3212029359999633
39.19027404862554,-96.58270097197307,1.837831702350029,0.32096097299995563
39.19027402419271,-96.5827005453323,1.8226473378576784,0.6578787670000565
39.190274003189,-96.58270017817333,1.8252653317356697,0.31999702600001
39.190273984835365,-96.58269984871659,1.8249162658852711,0.3195680439998796
39.19027396896218,-96.58269953547135,1.8249162658852711,0.9604624880000756
39.190273946526055,-96.5826994105004,1.8310249182672511,0.32107439799983695
39.190273936242534,-96.58269929599298,1.829279589015257,0.32106797300002654
39.19027392287191,-96.5826989796022,1.8242181341844732,0.9590688700000101
39.19027391603738,-96.58269863900757,1.8226473378576784,0.3190022559999761
39.190273900409515,-96.58269820726868,1.8182840147276926,0.3199351360001401
39.190273896348664,-96.58269793239562,1.8229964037080773,0.6601758070000869
39.19027388146639,-96.58269776581164,1.8250907988104703,0.31874358000004577
39.1902738396503,-96.58269746928676,1.828581457314459,1.9810818519999884
39.19027379772293,-96.58269759493534,1.8411478279288183,0.32007694599997194
39.19027374440409,-96.58269702131697,1.8174113501016953,0.32121134499993786
39.190273697704974,-96.58269668574476,1.8284069243892598,0.958784155000103
39.190273633650854,-96.58269623381226,1.8221237390820801,0.3211125359998732
39.19027358544152,-96.58269609592547,1.8322466487436473,0.3218697439999687
39.19027350721162,-96.58269576986854,1.8280578585388607,0.6570293839999977
39.19027343971364,-96.58269514308536,1.8177604159520944,0.32028488700007074
39.19027339173526,-96.58269450851587,1.815666020849701,0.3235386669998661
39.190273350080815,-96.58269397176721,1.8195057452040886,0.6562332929997865
39.190273290675826,-96.58269358234081,1.8228218707828778,0.31919971599995733
39.19027324219028,-96.58269346998773,1.8306758524168523,0.3210193630000049
39.19027317711828,-96.58269309973218,1.8222982720072793,0.9601060410000173
39.19027312609402,-96.58269290073248,1.8271851939128636,0.318896445000064
39.19027307478204,-96.58269264421666,1.8245672000348723,1.1808594190001713
39.19027303895857,-96.58269232360276,1.8222982720072793,0.3199994819999574
39.19027299924248,-96.58269201124983,1.8216001403064819,0.32017509899992547
39.1902729443143,-96.58269174843723,1.823694535408875,0.6598305889999665
39.190272905748564,-96.58269165061719,1.8278833256136615,0.3199655130001702
39.19027285739756,-96.58269146490437,1.8250907988104703,0.31901735899987216
39.19027281890765,-96.58269103636111,1.8186330805780915,0.9602733630001694
39.190272796605285,-96.58269093859668,1.8287559902396586,0.42607834299997194
39.19027275784614,-96.58269073020443,1.8271851939128636,1.2748759399999017
39.19027272558435,-96.58269028991573,1.8182840147276926,0.31986181000002034
39.19027270914138,-96.58268990876671,1.8181094818024932,0.3190804420000859
39.19027267912433,-96.58268959459701,1.819331212278889,0.7599645499999497
39.19027266401285,-96.58268964564488,1.828930523164858,0.32096676099990873
39.190272641094744,-96.58268978003723,1.8303267865664534,0.31905255100014074
39.19027261839672,-96.58268989633886,1.8284069243892598,0.6610039690001486
39.190272609969504,-96.5826899463527,1.8259634634364676,0.31891468100002385
39.190272619136245,-96.58269022647235,1.8329447804444448,0.3210280230000535
39.19027262081788,-96.5826905071293,1.8325957145940461,0.6600895460001084
39.19027261506729,-96.58269068426591,1.8303267865664534,0.3202390240001023
39.19027262854001,-96.58269089641385,1.8299777207160544,1.178766472999996
39.190272642808786,-96.58269084439229,1.822472804932479,0.3210980149999614
39.19027265895714,-96.58269099111779,1.828930523164858,0.32322038799998154
39.19027267564637,-96.58269093405303,1.8212510744560828,0.6559018069999638
39.19027270815479,-96.58269088027134,1.8219492061568807,0.31984858600003463
39.19027274455406,-96.5826911204281,1.8310249182672511,0.32126043999983267
39.190272759478304,-96.58269103169333,1.8202038769048865,0.9627863229998184
39.190272806546346,-96.582691114629,1.8257889305112682,0.2190522390001206
39.19027283640657,-96.58269136808029,1.8305013194916528,0.3209883340000488
39.19027286251099,-96.58269176879479,1.835737307247636,0.4559799049998219
39.19027288012299,-96.58269198883123,1.8310249182672511,0.3212502730000324
39.190272892940996,-96.58269207335476,1.8282323914640601,0.32081298999992214
39.19027291807197,-96.58269205868694,1.823694535408875,0.9579766760000439
39.1902729343997,-96.58269166168182,1.8111281647945157,0.3202808380001443
39.19027298687189,-96.58269187527485,1.8299777207160544,0.31922517499992864
39.19027299938137,-96.58269194640886,1.822472804932479,0.9604543559999001
39.190273024709015,-96.58269216320551,1.8271851939128636,0.3212175510000179
39.1902730535054,-96.58269252047992,1.8320721158184476,0.3219812939998974
39.190273067504066,-96.58269280786787,1.829454121940456,0.6569441799999822
39.19027308560824,-96.58269307296543,1.8303267865664534,0.31994706799991945
39.19027311585965,-96.58269329396657,1.829454121940456,0.32000941699993746
39.190273137745024,-96.58269360369204,1.8329447804444448,0.35997088799990706
39.19027312527804,-96.58269354717912,1.8226473378576784,0.3200403660000575
39.19027313862292,-96.58269359812684,1.8259634634364676,0.3202557729998716
39.19027321720293,-96.5826939657861,1.8287559902396586,0.9609715639999195
39.19027326123097,-96.58269394020805,1.8177604159520944,0.3188093690000642
39.190273299837315,-96.58269413442774,1.8259634634364676,0.3200133259999802
39.190273303259325,-96.58269422999953,1.821774673231681,0.9610599779998665
39.19027331317604,-96.58269429748532,1.8207274756804845,0.3192510219998894
39.19027331001947,-96.58269422812819,1.8161896196252993,0.3196365999999671
39.190273299135285,-96.58269445554507,1.8257889305112682,0.4600915790001636
39.19027328068699,-96.58269487725948,1.8325957145940461,0.3201212599999508
39.190273263639114,-96.58269525928671,1.8324211816688465,0.3238395980001769
39.19027323696618,-96.58269513387516,1.8160150867001,0.6552104439999766
39.19027325109862,-96.5826952647548,1.8250907988104703,0.3210384779999913
39.190273278248725,-96.58269580557453,1.8376571694248296,0.32233091900002364
39.1902733119723,-96.58269567717089,1.8151424220741028,0.6584336939999957
39.19027337227628,-96.5826953711698,1.8100809672433191,0.3192174260000229
39.19027342334734,-96.58269533427104,1.8179349488772936,0.3241229520001525
39.19027343959217,-96.58269532939492,1.8174113501016953,0.5560770009999487
39.19027345212476,-96.58269556475422,1.8256143975860686,0.323968387999912
39.19027332120828,-96.58269555450357,1.8212510744560828,1.2747412439998698
39.190273189594116,-96.58269576094578,1.828930523164858,0.3332176020001043
39.190272900755325,-96.58269561092654,1.8226473378576784,1.2680085169999984
39.19027266940738,-96.58269550632389,1.823694535408875,0.3198515609999504
39.19027244130522,-96.58269506523585,1.8120008294205128,0.3199866039999506
39.19027222227992,-96.58269509267005,1.8249162658852711,0.9589854930000001
39.19027202057296,-96.58269515719371,1.823694535408875,0.3209602399999767
39.19027184978581,-96.58269510657354,1.8203784098300857,0.320263524999973
39.190271702645575,-96.58269526647574,1.8243926671096726,0.9610635179999463
39.190271568165535,-96.58269521414392,1.816887751326097,0.3187801229998968
39.190271500428906,-96.58269535071615,1.8174113501016953,1.380139832000168
39.19027141098911,-96.58269532242345,1.8160150867001,0.31933093399993595
39.19027134064607,-96.58269530874738,1.8163641525504985,0.31988418500009175
39.19027126204323,-96.58269553939047,1.8270106609876642,0.6606619040001078
39.19027114709237,-96.58269556950835,1.8221237390820801,0.3191915869999775
39.190271051035815,-96.58269579639905,1.8296286548656557,0.3208707219998814
39.19027093862077,-96.58269605575607,1.8308503853420517,0.6602033039998787
39.190270874831974,-96.58269663930352,1.829454121940456,0.3238476310000351
39.19027075011542,-96.58269678415618,1.828930523164858,0.9763307609998719
39.19027061878388,-96.58269668768025,1.8252653317356697,0.3179636130000745
39.19027050577042,-96.58269649786098,1.8228218707828778,0.3217043699999067
39.19027032815635,-96.58269595173219,1.8135716257473078,0.8589697620000152
39.19027017564192,-96.5826953217554,1.8120008294205128,0.3200510630001645
39.19027009446579,-96.58269511189917,1.8226473378576784,0.22290346600016164
39.19026988762553,-96.5826940235673,1.81287349404651,0.9572259599999597
39.190269802144286,-96.58269361600728,1.8256143975860686,0.21901429800004735
39.190269727197716,-96.5826933807532,1.8268361280624648,0.3271111280000696
39.190269599756284,-96.58269296595152,1.8207274756804845,0.2710705090000829
39.190269496462385,-96.58269258477637,1.8177604159520944,0.22536362400001053
39.19026977421767,-96.5826946645957,1.823345469558476,0.456585824000058
39.19027066532254,-96.58270085721897,1.8277087926884619,0.22383825299993987
39.1902702331557,-96.58269859122763,1.8280578585388607,1.0772292509998351
39.19026987425317,-96.5826963461906,1.8191566793536897,0.22685129100000267
39.190269599528264,-96.58269458785989,1.8212510744560828,1.1721313079999618
39.19026936520227,-96.58269313595963,1.8184585476528918,0.3211040789999515
39.19026918210905,-96.58269201180777,1.8186330805780915,0.31987998699992204
39.19026904280982,-96.58269118633116,1.8205529427552851,0.6590425879999202
39.19026893605703,-96.58269048771325,1.8210765415308836,0.3208152400000017
39.19026886622949,-96.58268971099616,1.8161896196252993,0.3212410880000789
39.19026886848011,-96.58268933204546,1.829279589015257,0.6588104889999613
39.19026888771977,-96.5826888349066,1.8238690683340744,0.33318387999997867
39.19026904892744,-96.58268803611702,1.8189821464284903,1.2676101970000673
39.19026920864489,-96.58268756625006,1.8275342597632624,0.3204162300000917
39.1902693765907,-96.58268710941195,1.8247417329600715,0.3228037880001011
39.190283576233476,-96.58269664140455,1.8259634634364676,0.6573248560000593
39.19027383636009,-96.58268912051462,1.8238690683340744,0.31777041000009376
39.190266776460824,-96.58268340475179,1.8205529427552851,0.3210397620000549
39.1902608537092,-96.58267844325174,1.8195057452040886,0.9588992169999528
39.19027730413116,-96.5826898574132,1.829279589015257,0.3220713519999663
39.190269645114604,-96.5826842722012,1.8303267865664534,0.3231314060001296
39.190261721723886,-96.58267838407447,1.823694535408875,0.6561078810000254
39.190256471826984,-96.58267459132091,1.8278833256136615,0.31981985399988844
39.1902497311729,-96.58266997016345,1.823694535408875,1.380943582999862
39.190244208989554,-96.58266653086567,1.829454121940456,0.31900847800011434
39.19023971153327,-96.58266384949135,1.8308503853420517,0.32120697699997436
39.190237239999185,-96.58266194190149,1.8179349488772936,0.6580188489999728
39.19023633909589,-96.5826612039842,1.823694535408875,0.32083766999994623
39.19023557233172,-96.58266058986233,1.8228218707828778,0.3201861679999638
39.19023596989042,-96.58266062395342,1.8146188232985043,0.9587869780000347
39.19023687403912,-96.58266123689275,1.8222982720072793,0.3209204019999561
39.19023792040787,-96.58266228179431,1.8346901096964392,0.3193243140001414
39.19023931230216,-96.58266291429865,1.8175858830268947,0.6639875790001497
39.1902406042924,-96.58266355971382,1.822472804932479,0.31905194900014067
39.19024175006044,-96.58266421883924,1.8228218707828778,0.3203315889998066
39.19024284925382,-96.58266498804534,1.8311994511924505,0.657675566999842
39.19026263126529,-96.5826788445632,1.819331212278889,0.3199201390000326
39.190278933530884,-96.58269040312626,1.827359726838063,0.3230217319999156
39.190292125993956,-96.58269977807167,1.8247417329600715,0.6610127789999751
39.19030291301412,-96.58270747580512,1.826487062212066,0.3200058020001961
39.19031196868848,-96.58271363715816,1.8238690683340744,1.2758253029999196
39.19031926751945,-96.58271852207719,1.820902008605684,0.32001198900002237
39.19032497839722,-96.58272232136692,1.8170622842512965,0.32024117800006024
39.190329210756566,-96.58272557206587,1.8259634634364676,0.9588809770000353
39.19033254523543,-96.58272812712272,1.8226473378576784,0.43028728200010846
39.19033147856495,-96.58272958283393,1.8214256073812822,1.8707359520001319
39.190319922575505,-96.58272173032978,1.8242181341844732,0.3201838370000587
39.19031085547837,-96.58271420860692,1.8205529427552851,0.9799683340002048
39.190303812871186,-96.5827096532957,1.8210765415308836,0.31828472500001226
39.19029818559595,-96.58270596701443,1.8214256073812822,0.321664083999849
39.19029416682149,-96.58270397468121,1.8250907988104703,0.9591275880000012
39.19029098126848,-96.58270226951517,1.8226473378576784,0.32100740400005634
39.19028852495454,-96.58270127490778,1.8210765415308836,0.3218851840001662
39.190287617893546,-96.58270618801883,1.8170622842512965,0.9581276160001835
39.19028694810924,-96.58271032118459,1.822472804932479,0.319071890000032
39.19028644383785,-96.58271370179834,1.8228218707828778,0.32110759300007885
39.19028614877945,-96.58271610491245,1.8123498952709118,0.6586565349998637
39.19028597734414,-96.58271814997805,1.817236817176496,0.3213191019999613
39.19028586064739,-96.58271991613317,1.8210765415308836,0.3227984170000582
39.19028584296132,-96.58272127904843,1.8214256073812822,0.6561399469999287
39.19028587287399,-96.58272215895396,1.8151424220741028,0.319772735000015
39.19028592331007,-96.58272267133022,1.8109536318693165,0.22271636499999659
39.19028606228536,-96.58272335803002,1.8238690683340744,0.7573829130001286
39.19028619087909,-96.5827239603536,1.8231709366332765,0.21899808700004542
39.19028628700509,-96.58272428665045,1.819331212278889,0.22088194799994199
39.190286400368336,-96.58272475745648,1.8282323914640601,0.3593672360000255
39.19028648379962,-96.58272510610512,1.827359726838063,0.22393496700010473
39.190286554665335,-96.58272495779454,1.813222559896909,0.21988576600006127
39.19028662708185,-96.58272495682661,1.8216001403064819,0.4581310669998402
39.190286695384614,-96.58272511799156,1.8280578585388607,0.22683753199999046
39.19028679476603,-96.58272522729958,1.828930523164858,0.676138298000069
39.190286880892494,-96.5827252086579,1.8259634634364676,0.21886919100006708
39.190286944780944,-96.5827251809514,1.8271851939128636,0.21980587899997772
39.19028697154796,-96.58272497400526,1.8221237390820801,0.45738211000002593
39.19028695143983,-96.58272446903632,1.8135716257473078,0.22694936499988216
39.19028676881148,-96.58272429222615,1.826487062212066,1.3719526580000547
39.190286585434116,-96.58272409032449,1.8228218707828778,0.22085272399999667
39.19028640099502,-96.58272385066213,1.8226473378576784,0.22314356400011093
39.190287165532354,-96.58273157045558,1.8195057452040886,0.660969901000044
39.19028773042058,-96.58273809491087,1.8268361280624648,0.319870334999905
39.19028760182628,-96.58274338983692,1.8280578585388607,1.8761935250001898
39.190287417711644,-96.58274780580737,1.8310249182672511,0.32014525099998536
39.19028717955606,-96.58275139586382,1.8305013194916528,0.32357925099995555
39.19028687230758,-96.58275439928386,1.8320721158184476,0.6563369820000844
39.19028653769258,-96.58275673638255,1.8275342597632624,0.3201093759998912
39.1902861902161,-96.58275865317924,1.829279589015257,0.3237550490000558
39.190285709983776,-96.58276018362845,1.8310249182672511,0.4551913699999659
39.19028520024722,-96.58276124770033,1.8268361280624648,0.3209708269998828
39.190284683113084,-96.58276208163097,1.8282323914640601,0.32361024600004384
39.1902841458978,-96.58276256418611,1.8243926671096726,0.6545166409998728
39.19028358744975,-96.58276280466752,1.8228218707828778,0.33402355200018974
39.19028285760922,-96.58276271777882,1.8229964037080773,0.9679798150000352
39.19028218095881,-96.58276240451698,1.8165386854756982,0.3200441830001637
39.19028156815915,-96.5827622607635,1.8238690683340744,0.322855521000065
39.19028212211126,-96.5827562321057,1.8158405537749005,0.6561594710001373
39.190277141243875,-96.58273663484812,1.8298031877908552,0.32013755399998445
39.190272995552014,-96.58272031614221,1.819331212278889,0.31973268000001553
39.190269080442775,-96.58270616452073,1.8242181341844732,0.9621343449998676
39.190265849551345,-96.58269494893555,1.8401006303776217,0.3180346209999243
39.19026313515125,-96.58268551954262,1.835039175546838,0.32035750900013227
39.19026156182675,-96.58267817864021,1.8299777207160544,0.9593870789999528
39.19026034402411,-96.58267206126713,1.8263125292868665,0.3212647999998808
39.19026406930477,-96.58268206993206,1.8296286548656557,0.32290658700003405
39.19026249502788,-96.58267523566889,1.8271851939128636,0.6579783370000314
39.190261184719226,-96.58266938717478,1.8226473378576784,0.3189945900001021
39.19026015928927,-96.58266496906198,1.8364354389484336,0.3239432660000148
39.19026433115694,-96.5826763933481,1.8261379963616668,0.656210812000154
39.190267827367464,-96.58268563496259,1.8250907988104703,0.4240262429998438
39.190270813143115,-96.5826928854852,1.8228218707828778,0.9759948759999588
39.19027326956472,-96.58269868694387,1.8214256073812822,0.3181029160000435
39.19027565197888,-96.5827038635125,1.8280578585388607,0.9819407219999903
39.190277677325106,-96.58270803294188,1.822472804932479,0.2228262950000044
39.190279859221775,-96.58271179129187,1.834166510920841,1.5761326380002174
39.19028174766575,-96.58271454024569,1.8210765415308836,0.3208337210000991
39.19028342402941,-96.58271687752482,1.8250907988104703,0.3221390100000008
39.19028498186647,-96.58271891325849,1.829454121940456,0.6579084390000389
39.19028637856158,-96.58272058681764,1.8280578585388607,0.3242863689999922
39.190288219903294,-96.58272208060258,1.8216001403064819,1.2747930660000293
39.19028989547519,-96.58272380191052,1.8348646426216386,0.32118342300009317
39.19029140330556,-96.5827252399602,1.8306758524168523,0.3218803970000863
39.1902930584546,-96.58272635547232,1.8221237390820801,0.9581130019998909
39.19029456036534,-96.58272709619057,1.8106045660189174,0.3180438449999201
39.190295930543314,-96.58272808034125,1.8210765415308836,0.3220471090000956
39.19029714934118,-96.58272921228675,1.823694535408875,0.663030488000004
39.190298143671775,-96.58273026122953,1.824043601259274,0.32091579400002956
39.190299077974245,-96.58273135863108,1.8175858830268947,1.2758615689999715
39.1902999195171,-96.58273266973718,1.8280578585388607,0.331027721999817
39.190300733355556,-96.58273400491264,1.8280578585388607,1.0680155889999696
39.19030141899196,-96.58273478135253,1.8200293439796869,0.42930494000006547
39.19030224592067,-96.5827379054779,1.8226473378576784,1.2707761250001113
39.1903029663383,-96.58273999989277,1.8107790989441168,0.3200167009999859
39.19030361332574,-96.58274218688399,1.8198548110544874,0.32010334599999624
39.1903041580019,-96.58274359951514,1.81287349404651,0.9601580689998173
39.19030462344427,-96.5827450237778,1.8231709366332765,0.3199225480000223
39.19030498746223,-96.58274595240663,1.8184585476528918,0.31983844400019734
39.19030533797779,-96.58274903144176,1.8353882413972369,0.6600982809998186
39.19030558119363,-96.5827505627123,1.8270106609876642,0.3201145529999394
39.190305746292736,-96.58275082367044,1.8109536318693165,0.3200112669999271
39.19030576005696,-96.58275266582332,1.8296286548656557,0.6597340769999391
39.190305689552986,-96.58275405177689,1.8242181341844732,0.3210864820000552
39.190305807298344,-96.58275313014545,1.8186330805780915,0.3221057910000127
39.190305400233235,-96.58275405547005,1.8184585476528918,0.657893151000053
39.19030542693102,-96.5827535842131,1.8177604159520944,0.3221947789998012
39.19029707829452,-96.582747877538,1.8263125292868665,1.577004972000168
39.190289039053006,-96.58274215280233,1.8186330805780915,0.32107123299988416
39.19028183585958,-96.5827391017773,1.8226473378576784,0.3227396569998291
39.190276134365185,-96.58273459994014,1.8216001403064819,0.6572813579998638
39.19027205209478,-96.58273328814379,1.8179349488772936,0.3217343900000742
39.190269778408066,-96.58273301679077,1.8216001403064819,1.876269586000035
39.19026797048622,-96.58273262137503,1.813222559896909,0.4255133359999945
39.19026696307621,-96.58273295449952,1.8254398646608694,0.6754594199999246
39.19026632228406,-96.58273323787778,1.8198548110544874,0.31798474500010343
39.190266041765874,-96.58273345062199,1.814793356223704,0.33609785800013015
39.19026610937494,-96.58273385761346,1.8165386854756982,0.3441017529999044
39.19026632772951,-96.58273429854927,1.815666020849701,0.32190693999996256
39.1902666799971,-96.5827349209405,1.8200293439796869,0.32400881299986395
39.190267374037305,-96.58273577458561,1.8207274756804845,0.6570087009999952
39.19026815230493,-96.58273684269047,1.8280578585388607,0.31877536900015
39.19026899660392,-96.58273805059882,1.8331193133696444,0.3241932700000234
39.1902703080843,-96.58273903876649,1.8184585476528918,0.6558451060000152
39.190271671487274,-96.58274038770742,1.8317230499680488,0.32017606899989914
39.190273038796306,-96.58274131082342,1.8179349488772936,0.32398771799989845
39.190274860773144,-96.58274269167556,1.823694535408875,0.6560741069999949
39.19027662235748,-96.58274444600589,1.8371335706492313,0.31998813799987147
39.19027882814315,-96.58274616152218,1.8259634634364676,0.980006511000056
39.190280911267294,-96.58274759527866,1.8219492061568807,0.319948924000073
39.190282869758484,-96.5827489157051,1.8212510744560828,0.320021873000087
39.19028479395153,-96.58274554295167,1.8256143975860686,0.9610632649998934
39.190286653156406,-96.5827429845662,1.8268361280624648,0.3188184690000071
39.190288417941275,-96.58274092911488,1.8243926671096726,0.3240179829999761
39.19029023151235,-96.5827395234229,1.8282323914640601,0.45919409699990865
39.190291924876306,-96.58273857001107,1.8298031877908552,0.3209330320000845
39.190293963807996,-96.58273820495239,1.8287559902396586,1.2760944419999305
39.190295765395014,-96.58273784141858,1.8254398646608694,0.3180843359998562
39.19029734887096,-96.58273741666099,1.8212510744560828,0.2289750140000706
39.19029872060288,-96.5827370934881,1.8229964037080773,0.25092517999996744
39.19029990886749,-96.58273683957567,1.824043601259274,0.2208917460000066
39.190300941583686,-96.58273647243035,1.8167132184008976,0.21999796599993715
39.19030204244134,-96.58273650616644,1.8268361280624648,0.660178968000082
39.19030303180317,-96.5827368071211,1.8338174450704419,0.21883313700004692
39.1903038758442,-96.58273693077125,1.828930523164858,0.22190903999990041
39.19030469182564,-96.58273707324697,1.8305013194916528,0.5612255290000121
39.19030533165489,-96.58273676208813,1.8189821464284903,0.22681963800005178
39.19030613649304,-96.58273690850814,1.8229964037080773,1.0722961650001253
39.19030683677221,-96.5827372558649,1.8299777207160544,0.22392829699992944
39.19030750513866,-96.5827371163809,1.814793356223704,0.7740153569998256
39.190308064594525,-96.58273730739846,1.8278833256136615,0.22084082300011687
39.1903085570309,-96.5827373853938,1.823345469558476,0.22000783499993304
39.19030905464752,-96.58273730677519,1.8182840147276926,0.6602416480000102
39.1903095038197,-96.58273745980271,1.8247417329600715,0.3198355580000225
39.190309851295034,-96.58273754503209,1.8214256073812822,0.3199785740000607
39.190310119109036,-96.58273768427411,1.8228218707828778,0.4606337639997946
39.19031033803704,-96.58273782572998,1.8221237390820801,0.3195041580001998
39.19031047944427,-96.58273803203133,1.8245672000348723,0.31979412999999113
39.19031047378601,-96.58273814255246,1.8250907988104703,0.6650711090001096
39.190310340815564,-96.58273781981988,1.8149678891489032,0.3200817659999302
39.19030925042403,-96.58273690881114,1.8177604159520944,1.5761969540001246
39.19030814155256,-96.58273614517823,1.8174113501016953,0.3188662140000815
39.190307030453994,-96.58273560657507,1.8214256073812822,0.3211918549998245
39.19030572896754,-96.58273530211801,1.829454121940456,0.6586709270000028
39.19030446519902,-96.58273490328881,1.8282323914640601,0.321245276000127
39.19030322991521,-96.5827340933128,1.8174113501016953,0.3229138149999926
39.19030195605411,-96.58273332278397,1.821774673231681,0.6572061779997966
39.19030079321302,-96.5827326803515,1.823694535408875,0.318098867000117
39.19029971610084,-96.58273200174223,1.8228218707828778,0.3212804369998139
39.190298502886684,-96.58273096871771,1.819680278129288,0.6592732239998895
39.19029745051089,-96.58273005220524,1.819680278129288,0.32101846199998363
39.19029651087186,-96.58272940424546,1.823694535408875,0.3221381690000271
39.190295577940475,-96.58272840575322,1.812524428196111,0.3578975589998663
39.19029473186715,-96.58272754316476,1.8174113501016953,0.32325284300009116
39.190293480808336,-96.58272659680222,1.8181094818024932,1.576133832000096
39.19029235519817,-96.58272547282385,1.81287349404651,0.3209034789999805
39.190291097210476,-96.58272440514463,1.8216001403064819,1.3788901270002043
39.19029000927706,-96.58272331998953,1.8174113501016953,0.3188962200001697
39.190289126187245,-96.58272258694602,1.8259634634364676,0.3220721229999981
39.190288408329515,-96.58272152066091,1.8165386854756982,0.960248293999939
39.19028776757111,-96.58272070665723,1.8247417329600715,0.3197705979998773
39.19028719835555,-96.58271984767862,1.8210765415308836,0.32100060200014013
39.19028678124524,-96.58271920579372,1.8238690683340744,0.6592153169999619
39.19028644249583,-96.58271852217565,1.8205529427552851,0.3189980289998857
39.19028618895895,-96.58271798931011,1.8242181341844732,0.325301275999891
39.19028599519023,-96.58271747984752,1.8231709366332765,0.3544638660000601
39.190285889410134,-96.58271705623307,1.8205529427552851,0.3211062860000311
39.19028587609213,-96.58271683790551,1.820902008605684,0.32098502899998493
39.190286578403224,-96.58272302378721,1.8222982720072793,0.6621644279998691
39.1902871734953,-96.58272800721687,1.819331212278889,0.3193412119999266
39.19028778165716,-96.5827319235603,1.8142697574481057,1.2764013309999882
39.19028830183095,-96.58273531659039,1.8219492061568807,0.3211631379999744
39.19028872996632,-96.58273806456017,1.8205529427552851,0.3219108910000159
39.190289097447064,-96.58274003287244,1.812524428196111,0.655166324999982
39.19028941109329,-96.5827418403179,1.820902008605684,0.32284948799997437
39.190289674929446,-96.58274331953444,1.8207274756804845,0.3220379619999676
39.19028993452555,-96.58274452558008,1.8210765415308836,0.658213718999832
39.19029016710435,-96.58274532993505,1.8153169549993022,0.4309639519999564
39.19029053941434,-96.58274643533585,1.830152253641254,1.1679638329999307
39.190290858526126,-96.58274692082537,1.8151424220741028,0.3232767099998455
39.19029117720673,-96.58274735967501,1.8177604159520944,0.3197089689999757
39.19029155078696,-96.58274782896778,1.8203784098300857,0.6568878680000125
39.190291910596834,-96.58274851485994,1.8299777207160544,0.3201933049999752
39.190292239148086,-96.5827488226186,1.8198548110544874,0.3240058090000275
39.19028751973466,-96.5827295847273,1.8170622842512965,0.6561234420000801
39.19028372145759,-96.58271390407084,1.8135716257473078,0.3239666219999435
39.19028085970583,-96.58270197903192,1.8280578585388607,1.5771030859998518
39.19027854706569,-96.58269212646847,1.819680278129288,0.31899307699995916
39.190276728942735,-96.58268414998261,1.8181094818024932,0.32181087499998284
39.19027534576275,-96.58267791606637,1.8205529427552851,0.35791169200001605
39.19027429717235,-96.58267314242313,1.8247417329600715,0.3202732409999953
39.19027350760355,-96.58266950293351,1.8291050560900572,0.3222402139999758
39.19027299438413,-96.58266686347565,1.8317230499680488,0.6567235029999665
39.19027261464023,-96.58266454303221,1.8214256073812822,0.3209306100000049
39.190272326926305,-96.5826623294268,1.8118262964953136,0.32380031200000303
39.19027213375583,-96.58266086132977,1.8231709366332765,0.6562117740002122
39.19027192850985,-96.58265967685236,1.823694535408875,0.3188260829999763
39.19027171719356,-96.58265846863912,1.8181094818024932,0.3209811169999739
39.19027155901554,-96.5826576386141,1.823345469558476,0.4602501819999816
39.190271404840935,-96.58265670593626,1.814793356223704,0.32280152199996337
39.19027135700798,-96.58265627616468,1.819680278129288,1.2769863009998517
39.190271295376924,-96.58265596126698,1.8205529427552851,0.3214493590000984
39.19027122547321,-96.58265561543622,1.8179349488772936,0.3215249600000334
39.190271163788516,-96.58265555905932,1.8263125292868665,0.6624245319999318
39.19027107670429,-96.58265558859173,1.8284069243892598,0.32168545600006837
39.1902709147172,-96.58265537709666,1.824043601259274,0.9732263229998352
39.190270861289726,-96.58265547755201,1.829454121940456,0.3188733320000665
39.19027075226764,-96.58265525779258,1.8210765415308836,0.32116029500002696
39.19027042785707,-96.58265465615263,1.8207274756804845,0.957985620999807
39.19027010984674,-96.582654155179,1.8228218707828778,0.32191303099989454
39.1902746280837,-96.5826675255546,1.8174113501016953,0.980074790999879
39.190273288345686,-96.58266414753908,1.812524428196111,0.3198164039999938
39.190272174448985,-96.58266155193506,1.8202038769048865,0.3229044080001131
39.19027120975505,-96.58265928090607,1.8153169549993022,0.6572285310001007
39.19027041401351,-96.58265760255021,1.8212510744560828,0.32014590099993256
39.19026975514205,-96.58265631583893,1.821774673231681,0.3228800520000732
39.19026914139895,-96.58265524790671,1.8228218707828778,0.657179183000153
39.19026860741699,-96.58265440420443,1.823694535408875,0.3179001410001092
39.1902681230216,-96.58265374089696,1.8261379963616668,0.3222607949999201
39.19026766043296,-96.58265284098262,1.8174113501016953,0.45849603000010575
39.19026727254,-96.58265200615044,1.8160150867001,0.320320466000112
39.19026695136437,-96.58265152343924,1.8226473378576784,0.3200976240000273
39.19026660646305,-96.58265123067639,1.829454121940456,0.9609482270000171
39.190266447640745,-96.58265105988366,1.824043601259274,0.3188568589998795
39.190266303285476,-96.58265085030267,1.8238690683340744,0.32120303600004263
39.19026619832234,-96.58265113464508,1.8373081035744308,0.658957375
39.19027074001811,-96.58266500502778,1.8247417329600715,0.3210953180000615
39.19026973930383,-96.58266223372543,1.8257889305112682,0.32135519500002374
39.19026890085364,-96.58265978722862,1.8228218707828778,0.658528916000023
39.190268251348,-96.58265777505471,1.8226473378576784,0.3229384599999321
39.19026778208379,-96.58265595567559,1.819680278129288,1.2749994190000962
39.19026744763426,-96.58265463654885,1.8254398646608694,0.3220901939998839
39.19026718771284,-96.58265365984046,1.8291050560900572,0.3227164019999691
39.190266976330186,-96.58265266134612,1.8242181341844732,0.6573693880000064
39.19026683845279,-96.58265190887879,1.8278833256136615,0.3189448819998688
39.190266724019615,-96.58265137818117,1.8306758524168523,0.32407180399991375
39.19026662323375,-96.58265082005016,1.829454121940456,0.6569675560001542
39.19026657016208,-96.58265011333233,1.820902008605684,0.31983569699991676
39.190266569696796,-96.58264958545112,1.8235200024836755,0.3226082469998346
39.19026668360475,-96.58264937187955,1.827359726838063,0.6576319729999796
39.190266840118376,-96.58264933298504,1.8298031877908552,0.4240714909999497
39.19026723344817,-96.58264958540596,1.8299777207160544,1.2748366159999023
39.190272627885136,-96.58266433516063,1.822472804932479,0.3211004580000463
39.19027192517678,-96.582661556883,1.827359726838063,0.32182507400011673
39.19027675325077,-96.58267447121342,1.8257889305112682,0.6570665619999545
39.190275528189034,-96.58266990055728,1.8238690683340744,0.3199934689998827
39.19027984635898,-96.58268134052743,1.823694535408875,0.3189775490000102
39.19027841587097,-96.58267575961631,1.8212510744560828,0.6611317469998994
39.19028239966323,-96.58268619061576,1.8228218707828778,0.3189469750000171
39.190285723734235,-96.58269488136655,1.8259634634364676,0.3209760960000949
39.19028364035035,-96.5826873654381,1.824043601259274,0.661101361999954
39.1902819202368,-96.58268124221888,1.8270106609876642,0.322306147000063
39.19028551395635,-96.58269081841593,1.8219492061568807,0.6804370150000523
39.1902884400225,-96.58269861690259,1.8228218707828778,0.32127671800003554
39.19029084779586,-96.58270539793197,1.835737307247636,1.574886504999995
39.19029282900296,-96.58271098522931,1.835039175546838,0.3200719910000771
39.19029449676846,-96.582715573807,1.8348646426216386,0.32409005499994237
39.190295909818325,-96.58271901511291,1.823345469558476,0.6559936040000593
39.190297104933244,-96.58272200082308,1.8296286548656557,0.3186714690000372
39.1902980990292,-96.58272441065833,1.8252653317356697,0.32134049199999026
39.19029552668862,-96.58271430665457,1.8242181341844732,0.6599182009999822
39.19029351368491,-96.58270608436956,1.8205529427552851,0.4249782049998885
39.190292016277546,-96.58269967320004,1.827359726838063,0.9750482459999148
39.19029078649722,-96.58269425782522,1.8212510744560828,0.3200882390001425
39.190289802063255,-96.58268999015283,1.826487062212066,0.3180850549999832
39.19028897687868,-96.58268667556615,1.8343410438460404,0.9619388119999712
39.190288296556986,-96.58268389113437,1.829454121940456,0.3200341809999827
39.19028777059062,-96.58268142593893,1.8222982720072793,0.32284895999987384
39.19028736221534,-96.58267951840521,1.823694535408875,0.6571712559998559
39.19028703006097,-96.5826779284501,1.8219492061568807,0.31883643099990877
39.190286762096704,-96.5826766076854,1.8216001403064819,0.32096197999999276
39.190286557312845,-96.58267541533212,1.8188076135032907,0.3585969179998756
39.19028641027773,-96.58267443399983,1.8186330805780915,0.32151147299987315
39.190286313182945,-96.58267416273304,1.836260906023234,0.3229029270000865
39.190286173069175,-96.58267352249264,1.8210765415308836,0.6569723110001178
39.19028606039018,-96.58267325773807,1.8324211816688465,0.3202745179999056
39.190285953602434,-96.5826728732851,1.8256143975860686,0.32392755899991243
39.19028585725614,-96.58267240750315,1.8205529427552851,0.6540382849998423
39.19028579283129,-96.5826721813816,1.8259634634364676,0.32200397499991595
39.19028572459744,-96.58267194777727,1.8243926671096726,0.3229715889999625
39.190285665596804,-96.58267205004181,1.8311994511924505,0.6580320470000061
39.190285577801696,-96.58267209788961,1.8284069243892598,0.3229522789999919
39.1902853371862,-96.58267213003653,1.819680278129288,1.374091122999971
39.19028506996867,-96.58267220442005,1.8249162658852711,0.32198524099999304
39.19028479173654,-96.58267221691938,1.8242181341844732,0.32394879599996784
39.19028446464343,-96.5826721264836,1.8221237390820801,0.6561086189999514
39.19028415808434,-96.58267194369232,1.8198548110544874,0.3220909879998999
39.19028388436866,-96.58267191388377,1.8242181341844732,0.32186121600011575
39.19028353983994,-96.58267176424987,1.8200293439796869,0.6549935489999825
39.190283249859235,-96.58267182236854,1.8226473378576784,0.32119893799995225
39.19028298740245,-96.5826720184989,1.8277087926884619,0.3206177380000099
39.190282690869196,-96.58267214869964,1.826487062212066,0.9592211879999013
39.19028244977105,-96.58267223465052,1.823345469558476,0.3351678720000564
39.19028429894462,-96.58268622356013,1.8151424220741028,0.9639059860000998
39.190284111849586,-96.58268645677249,1.8280578585388607,0.320790789000057
39.19028392831959,-96.58268651246291,1.821774673231681,0.322866028000135
39.19028555700995,-96.58269799478154,1.8181094818024932,0.6573811079999814
39.1902866170245,-96.58270648390788,1.8277087926884619,0.3180468939999628
39.19028743930916,-96.58271316779808,1.823345469558476,0.32196863399985887
39.19028850029823,-96.58271992635,1.8243926671096726,0.6590086859998792
39.19028937891652,-96.58272558612279,1.8296286548656557,0.32072478399982174
39.190290104570074,-96.58273001995406,1.823694535408875,0.32318829399991955
39.190290731044186,-96.58273346190865,1.819680278129288,0.6571534539998538
39.19029078213413,-96.58273456530527,1.8210765415308836,0.42821226000000934
39.19029114873929,-96.58273639220387,1.819680278129288,1.2707475180000074
39.19029170013421,-96.58273881484833,1.823345469558476,0.321071892999953
39.1902921622396,-96.58274069338746,1.819331212278889,0.32078875499996684
39.190292263577646,-96.58274131565996,1.8259634634364676,0.6591755470001317
39.190292609083805,-96.58274264985656,1.8212510744560828,0.3190072780000719
39.19029297571068,-96.58274410987019,1.826487062212066,0.32085620399993786
39.19029332815547,-96.58274506148062,1.8158405537749005,0.659078910000062
39.19029367701667,-96.5827460623393,1.8228218707828778,0.3210254729999633
39.19029399354992,-96.58274663250312,1.8126989611213107,0.32193413599998166
39.19029430682818,-96.5827471803256,1.814444290373305,0.35813045499980944
39.1902946080357,-96.58274792754176,1.8219492061568807,0.3220419869999205
39.19029488365714,-96.58274846595226,1.8167132184008976,0.3204304210000828
39.19029516498504,-96.5827492157041,1.826487062212066,0.6563126409998858
39.190295416367356,-96.58275013953237,1.835039175546838,0.3202551060001042
39.19029561623119,-96.58275031879361,1.8142697574481057,0.3199355290000767
39.19029585081346,-96.58275073516249,1.8226473378576784,0.6597829100001036
39.1902960530618,-96.58275115565107,1.8226473378576784,0.3193057870000757
39.19029623587094,-96.5827515193929,1.8226473378576784,0.3210135589999936
39.19029648839674,-96.58275202868533,1.8254398646608694,0.6596641159999308
39.190296733695064,-96.58275244526406,1.823694535408875,0.3205465060000279
39.190297085045444,-96.58275301252938,1.8249162658852711,1.3808319099998698
39.19029738088147,-96.58275379564725,1.8345155767712398,0.3180170040000121
39.190297569652564,-96.5827539896166,1.819331212278889,0.3208615869998539
39.19029767437539,-96.5827542547277,1.8243926671096726,0.6611498309998751
39.19029768104565,-96.58275414757719,1.8142697574481057,0.32403975400006857
39.190297469560576,-96.5827541077132,1.8214256073812822,1.27503335900019
39.19029727174425,-96.5827544079994,1.8313739841176502,0.31986412600008407
39.190297088313876,-96.58275442395853,1.821774673231681,0.3198722289998841
39.19029280658555,-96.58275155005394,1.8282323914640601,0.6602387100001579
39.19028825405009,-96.58274848398887,1.829279589015257,0.33190730799992707
39.19026938589359,-96.58273473935515,1.8315485170428494,0.9678483879999931
39.19025388887252,-96.58272327023998,1.8249162658852711,0.32025839000016276
39.19024122165621,-96.58271376493116,1.8212510744560828,0.3242756960000861
39.19023078368014,-96.58270610610181,1.8268361280624648,0.259737012999949
39.19022214056998,-96.58269992873177,1.8311994511924505,0.22771959900001093
39.1902149390602,-96.58269488727008,1.8331193133696444,0.8680043120000391
39.19020907675858,-96.58269037295469,1.8186330805780915,0.3203045380000731
39.19020426354516,-96.58268688489692,1.8280578585388607,0.322765451000123
39.190200279531645,-96.5826840736629,1.8291050560900572,0.6572242770000685
39.19019701880663,-96.58268179129757,1.829279589015257,0.32013305300006323
39.19019444607566,-96.58267984840178,1.8245672000348723,0.8799910230000023
39.190201398519235,-96.58268523326483,1.8296286548656557,0.32786859899988485
39.19020748001208,-96.58268967706594,1.8198548110544874,1.0700426829998833
39.19021255620834,-96.5826934101867,1.821774673231681,0.22084245900009591
39.19021678347442,-96.58269674136235,1.828581457314459,0.22109815800013166
39.19022049211062,-96.58269951068092,1.8216001403064819,0.4598414669999329
39.1902236461488,-96.5827021140506,1.830152253641254,0.3242829220000658
39.190226617950515,-96.58270465065343,1.8313739841176502,1.075916733999975
39.19022911051831,-96.58270656889026,1.8252653317356697,0.22290707600018322
39.19023124559101,-96.58270818595038,1.8249162658852711,0.22086935200013613
39.19023316111646,-96.58270941725338,1.8181094818024932,0.5560486780000247
39.190234812626336,-96.5827107472841,1.8280578585388607,0.22624293500007298
39.19023643587121,-96.58271188959996,1.823345469558476,1.0739967740000793
39.190237814438774,-96.58271293515712,1.8270106609876642,0.2357844150001256
39.190239144575195,-96.58271383627915,1.8238690683340744,0.764267418000145
39.19024029511759,-96.5827145633874,1.8228218707828778,0.22272130400006063
39.19024164010454,-96.58271539449562,1.8228218707828778,1.1752678240000023
39.19024279171207,-96.58271595600468,1.8179349488772936,0.21988829299993995
39.19024377736898,-96.58271633665775,1.814793356223704,0.221938388000126
39.19024475629285,-96.5827171326625,1.8280578585388607,0.5600014009999086
39.190245580039225,-96.58271801964435,1.834166510920841,0.2272080420000293
39.19024636971235,-96.58271834472808,1.819680278129288,1.173045129000002
39.19024708951944,-96.58271883886516,1.828581457314459,0.32799531599994225
39.19024782487493,-96.58271903475054,1.8191566793536897,0.7710641869998653
39.19024847607116,-96.58271927495063,1.8231709366332765,0.3210676409998996
39.19024902968389,-96.58271972796004,1.8315485170428494,0.2257720339998741
39.19024949923462,-96.58271995269256,1.8268361280624648,0.3531312210000124
39.19024989808581,-96.58271985127726,1.8184585476528918,0.3211326220000501
39.190250239835684,-96.58271985573539,1.8226473378576784,0.3222614040000735
39.190250528274845,-96.58271992856433,1.8256143975860686,0.6575592710000819
39.19025076655891,-96.58271961100306,1.81287349404651,0.22187013299981118
39.19025099156166,-96.58271974332456,1.8277087926884619,0.22096337599987237
39.19025120442209,-96.58271968359801,1.820902008605684,0.35599953900009496
39.19025141200729,-96.58271975480504,1.8259634634364676,0.3212571220001337
39.19025156840632,-96.58271957563558,1.8184585476528918,0.32398922900006255
39.190251703598065,-96.5827194771609,1.822472804932479,0.3547758119998434
39.190251793741865,-96.58271942049704,1.8243926671096726,0.32017789700012145
39.19025186534786,-96.58271911896394,1.8167132184008976,0.3213235379998878
39.19025194435434,-96.58271914980114,1.8277087926884619,0.6586603830000968
39.190251998275336,-96.5827191980119,1.8277087926884619,0.21997623599986582
39.19025205653438,-96.58271919571575,1.8266615951372653,0.22783932099991944
39.190252130649945,-96.58271908744243,1.8231709366332765,0.3529896560000907
39.190252228806294,-96.58271910309702,1.826487062212066,0.3240307279997978
39.190252254976244,-96.58271906284936,1.8284069243892598,1.276008685000079
39.19025226614027,-96.58271892583069,1.8249162658852711,0.22212184699992576
39.19025226822714,-96.58271862596192,1.819680278129288,0.2209541669999453
39.19025232423961,-96.58271867191503,1.8296286548656557,0.5542256169999291
39.19025234306642,-96.58271879302131,1.8317230499680488,0.22486503999994056
39.19025241793951,-96.58271885515971,1.8291050560900572,0.32221848400013187
39.190252533055464,-96.58271903520577,1.8329447804444448,0.35491640400005053
39.190252670412136,-96.5827190525595,1.827359726838063,0.32003071700000874
39.19025280560765,-96.58271919969545,1.8324211816688465,0.3199790149999444
39.19025296800811,-96.58271933881473,1.8310249182672511,0.6597311729999547
39.19025315964877,-96.58271950175508,1.8317230499680488,0.22107269799994356
39.19025337069093,-96.5827194680285,1.8243926671096726,0.3192274569998972
39.19025370389128,-96.5827197521806,1.8318975828932482,0.6588314699999955
39.19025399507821,-96.58271965495128,1.819331212278889,0.32222942599992166
39.19025429121888,-96.58271976478912,1.8261379963616668,0.3240379239998674
39.19025456409007,-96.58271979119485,1.822472804932479,0.3557343720001427
39.190254824589104,-96.58271986741207,1.8238690683340744,0.3240471340000113
39.19025516465204,-96.5827200567599,1.8252653317356697,0.9741097759999775
39.190255494804404,-96.58272020739479,1.8238690683340744,0.32095792500012976
39.1902557972257,-96.58272067702491,1.8345155767712398,0.3201123579999603
39.1902561410913,-96.58272112628154,1.8327702475192456,0.6610709510000561
39.19025648429927,-96.58272139024614,1.8280578585388607,0.42691118900006586
39.19025689879154,-96.58272151889858,1.8229964037080773,1.2730551080001078
39.19025728562386,-96.58272167564861,1.824043601259274,0.3189692149999246
39.19025762659407,-96.58272189827048,1.8268361280624648,0.32244264200016914
39.190258015131626,-96.58272233981238,1.8325957145940461,0.6573637169999529
39.19025837548145,-96.58272264112321,1.829279589015257,0.3199877980000565
39.19025872312078,-96.58272282356262,1.8261379963616668,0.32211879900000895
39.19025916585514,-96.58272292846385,1.8210765415308836,0.9581191110000873
39.19025960723116,-96.58272338759865,1.8327702475192456,0.3194942479999554
39.1902600101907,-96.58272381055917,1.8311994511924505,0.31868761300006554
39.19026047914653,-96.58272420377185,1.8298031877908552,0.6618140539999331
39.19026094751085,-96.5827247073389,1.8338174450704419,0.32013326000014786
39.190261365121394,-96.58272470104151,1.8188076135032907,0.32394020199990337
39.19026187981303,-96.58272493587192,1.8249162658852711,0.6549248839999109
39.190262352343964,-96.58272561466954,1.8388788999012255,0.33313028900010977
39.19026289057595,-96.58272598266423,1.8268361280624648,0.9679670419998274
39.19026340197852,-96.58272608453305,1.8203784098300857,0.3400219940001534
39.1902638694198,-96.58272658063105,1.8339919779956415,0.6598870410000472
39.190264298958155,-96.58272689063988,1.8277087926884619,0.32004086999995707
39.19026468491739,-96.58272707372032,1.8254398646608694,0.32002147299999706
39.19026508481141,-96.58272750547151,1.8329447804444448,0.6608208499999364
39.19026546474659,-96.58272786329698,1.8306758524168523,0.42730549499992776
39.19026593943937,-96.582728638325,1.8432422230312113,1.2698841799999627
39.19026628587936,-96.58272893097933,1.8306758524168523,0.32204858099999
39.19026664263746,-96.58272951276514,1.841845959629616,0.3223817099999451
39.190266944735804,-96.58272967856016,1.829279589015257,0.6576680300001954
39.19026725756221,-96.58272991663392,1.8329447804444448,0.32003018699992936
39.19026753661931,-96.5827299131969,1.8250907988104703,0.3194603739998456
39.190267827251105,-96.58272994841715,1.8261379963616668,0.9605727470000147
39.190268145721035,-96.5827300880089,1.8277087926884619,0.31931419500006086
39.190268673523946,-96.58273038721286,1.8278833256136615,1.5806564960000742
39.19026916256384,-96.58273093803074,1.8367845047988323,0.33108921000007285
39.19026974733566,-96.58273122232626,1.8249162658852711,1.2687125459999606
39.190270281332154,-96.58273160157714,1.830152253641254,0.3202776769999218
39.19027075088347,-96.58273193609563,1.829279589015257,0.32292953000001035
39.19027122083244,-96.58273213666253,1.8254398646608694,0.6570434599998407
39.19027163372182,-96.58273253728703,1.8327702475192456,0.32005082099999527
39.19027199233029,-96.58273291131214,1.8325957145940461,0.3239604899999904
39.1902723750281,-96.5827330362274,1.823694535408875,0.6549488470000142
39.19027272421202,-96.58273300139645,1.8198548110544874,0.32110264199991434
39.19027306826609,-96.58273313315017,1.8242181341844732,0.32243917200003125
39.190273390246354,-96.582733295999,1.824043601259274,0.6575244129999192
39.190273699569104,-96.58273358938041,1.8282323914640601,0.42391339300002073
39.19027407168585,-96.58273397003136,1.8270106609876642,1.5751725079999233
39.190274423227095,-96.58273433252151,1.8278833256136615,0.3200039179998839
39.19027473184482,-96.5827346200168,1.8263125292868665,0.31984897600000295
39.190275014137285,-96.58273484311886,1.8245672000348723,0.6610922200000005
39.19027527022313,-96.58273504854694,1.8247417329600715,0.319993371999999
39.190275484742294,-96.5827356395788,1.8387043669760261,0.3226160249998884
39.190275639821536,-96.58273605531804,1.8339919779956415,0.657482299999856
39.19027579552783,-96.58273625258376,1.8291050560900572,0.33183687199993983
39.19027589258863,-96.58273634393265,1.8261379963616668,1.5683116350001
39.190276004973036,-96.58273662997273,1.8325957145940461,0.31884657800014793
39.19027607282866,-96.5827368522332,1.8305013194916528,0.32000107499993646
39.19027617296194,-96.5827370719423,1.8306758524168523,0.6610361740001736
39.190276244446984,-96.5827372636057,1.8310249182672511,0.32398882999996204
39.19027627315463,-96.58273729580137,1.8254398646608694,1.2750687919999564
39.19027629059756,-96.58273702174624,1.815666020849701,0.32024492999994436
39.190276315625034,-96.58273697807437,1.8226473378576784,0.319771357000036
39.190276279352666,-96.58273726136542,1.8329447804444448,0.6609687739999117
39.190276241426524,-96.58273733555069,1.8263125292868665,0.3189464829999906
39.1902762070004,-96.58273752596351,1.8313739841176502,0.32123954099984076
39.19027615640488,-96.5827377142489,1.8306758524168523,0.6588008290000289
39.19027609717559,-96.58273771952462,1.8266615951372653,0.4274223349998465
39.190276075366974,-96.58273792452813,1.8320721158184476,1.5726814600000125
39.190276041117805,-96.58273790597414,1.8247417329600715,0.31996989200001735
39.19027602720884,-96.58273807034766,1.8310249182672511,0.3199412730000404
39.190275997001855,-96.58273806882359,1.8256143975860686,0.36091842699988774
39.19027602747738,-96.58273831216795,1.8327702475192456,0.3230979390000357
39.19027608700285,-96.58273863635189,1.8345155767712398,1.2761215400000765
39.19027610437582,-96.5827385255854,1.8226473378576784,0.3207763539999178
39.190276110746844,-96.5827384921855,1.8261379963616668,0.3232863200000793
39.190276084741846,-96.5827385760926,1.8303267865664534,0.6549474200000986
39.19027606717912,-96.5827385870842,1.8275342597632624,0.32094860899997
39.19027601726988,-96.58273851589145,1.8263125292868665,0.31840561399985745
39.19027601153089,-96.58273861332518,1.8306758524168523,0.6624261439999373
39.19027603216421,-96.58273876429266,1.8322466487436473,0.3190337599999111
39.190276080328964,-96.58273865897924,1.823694535408875,0.3201368889999685
39.19027617519515,-96.58273883244567,1.8325957145940461,0.6600139610000042
39.19027621722418,-96.58273882950282,1.8278833256136615,0.3199507049998829
39.190276246650086,-96.58273847645786,1.8170622842512965,0.3200478329999896
39.19027628058588,-96.58273857095016,1.8313739841176502,0.5653227410000454
39.190276268033216,-96.58273844174585,1.8235200024836755,0.22677008800019394
39.190276255809614,-96.5827384170381,1.8278833256136615,0.8679136959999596
39.19027626533416,-96.58273854256213,1.8317230499680488,0.328982200000155
39.190276319562656,-96.58273867072806,1.8305013194916528,0.7711190219999935
39.190276380912366,-96.58273858067486,1.823694535408875,0.3199947930002054
39.19027643349668,-96.58273868781525,1.8303267865664534,0.22701774600000135
39.19027647232341,-96.58273890599303,1.8332938462948438,0.2527571699999953
39.190276520453665,-96.5827390776785,1.8331193133696444,0.22711608600002364
39.190276506439744,-96.58273931713313,1.8374826364996302,0.5730843200001345
39.19027649955567,-96.58273929082357,1.829279589015257,0.22905388799995308
39.190276486602805,-96.58273902135743,1.822472804932479,0.7750082329998804
39.19027646122016,-96.58273895304212,1.8287559902396586,0.3190086390000033
39.19027643246229,-96.58273905918547,1.8338174450704419,0.8770170539999071
39.19027637624175,-96.58273893612606,1.826487062212066,0.21971012899984999
39.190276326747195,-96.58273917076443,1.8395770316020235,0.2270989409998947
39.19027628827858,-96.58273907845776,1.8282323914640601,0.2611910860000535
39.19027625734334,-96.58273897317183,1.8287559902396586,0.2277086879998933
39.19027623506235,-96.58273894094116,1.8315485170428494,0.7697410509999827
39.19027622747487,-96.58273908222114,1.8367845047988323,0.22140613300007317
39.190276227787834,-96.58273878033081,1.8229964037080773,1.1731879409999237
39.19027627848148,-96.58273851555566,1.8228218707828778,0.21981203099994673
39.190276319067095,-96.5827385169107,1.830152253641254,0.22695052899985058
39.19027633798979,-96.58273837203123,1.8245672000348723,0.25725987600003464
39.19027635317322,-96.5827380668283,1.819331212278889,0.3279709760001879
39.190276342444776,-96.58273769080515,1.8161896196252993,0.8690202949999275
39.190276337568804,-96.58273787696733,1.8331193133696444,0.22268928199991933
39.19031662548269,-96.58273504900184,1.821774673231681,1.0763618179998957
39.190349221291115,-96.58273281610418,1.8242181341844732,0.22281167999994977
39.19037547338221,-96.58273102565465,1.8245672000348723,0.22089250499993796
39.190395801739726,-96.58272935401897,1.8161896196252993,0.4549863570000525
39.19041196621353,-96.58272793450895,1.8142697574481057,0.22526100499999302
39.19041439882981,-96.58272777289858,1.8299777207160544,0.6748215090001395
39.190416450837354,-96.58272757728825,1.8259634634364676,0.22007316999997784
39.1904181115835,-96.58272731424259,1.8228218707828778,0.2200446679999004
39.19041883226616,-96.58272705335854,1.8222982720072793,0.6608943690000615
39.19041918051869,-96.58272683155015,1.8219492061568807,0.21803881499999989
39.190419244594885,-96.58272655429428,1.8184585476528918,0.2209124220000831
39.19041828872692,-96.58272644821022,1.8214256073812822,0.6611583260000771
39.19041726866837,-96.58272663608298,1.829279589015257,0.2268800110000484
39.19041499870403,-96.58272661796614,1.8212510744560828,0.8732043049999447
39.19041283980128,-96.58272684401102,1.8308503853420517,0.22380372800012083
39.19040956344167,-96.58272689814376,1.823694535408875,0.8752364449999277
39.190406525274945,-96.58272698261715,1.8243926671096726,0.22080011499997454
39.190403483593656,-96.58272686719823,1.8174113501016953,0.3232793730001049
39.19040004736042,-96.58272691940032,1.821774673231681,0.4573325300000306
39.19039578430287,-96.5827272331652,1.827359726838063,0.6996111290000044
39.19039161896194,-96.58272759732321,1.8296286548656557,0.31911110100008955
39.19038752423423,-96.58272779589544,1.8247417329600715,0.31999916999984634
39.190382628453946,-96.58272818439119,1.830152253641254,0.6609611640001276
39.190375789237166,-96.58273782663177,1.8315485170428494,0.3186160560001099
39.190369694305666,-96.58274499215813,1.8238690683340744,0.3212005479999789
39.190363568494945,-96.58274952195873,1.8212510744560828,0.6600412990001132
39.19035944591438,-96.58274590965058,1.823694535408875,0.31989039200016123
39.19035544572708,-96.58274248048328,1.8210765415308836,0.32214975900001264
39.19035136579654,-96.5827397428119,1.840275163302821,0.3567915449998509
39.19034739457293,-96.5827368422332,1.829454121940456,0.32006362899983287
39.19034354404764,-96.58273379666609,1.820902008605684,0.32012670600011006
39.190338503578275,-96.58273116826463,1.8310249182672511,0.9609969079999701
39.19033380304121,-96.58272862843914,1.828581457314459,0.3191644250000536
39.19032944095058,-96.58272646027912,1.8383553011256273,0.3200122939999801
39.19032494183543,-96.58272344334871,1.8202038769048865,0.6596581439998772
39.190320969226114,-96.58272098603643,1.8320721158184476,0.32138833799990607
39.190317433877105,-96.58271897206325,1.8387043669760261,0.32059247699999105
39.190313812606036,-96.58271635855247,1.8266615951372653,0.9593884159999106
39.19031064304015,-96.58271391567885,1.823694535408875,0.3187432130000616
39.19030774226514,-96.58271127021973,1.8268361280624648,1.6812812880000365
39.19030532683207,-96.5827093237507,1.8367845047988323,0.31899867699985407
39.19030329939988,-96.58270748411258,1.8305013194916528,0.3211527329999626
39.190301554808826,-96.58270594234347,1.8360863730980348,0.6588163989999885
39.190300095307464,-96.5827045874913,1.8345155767712398,0.3210796710000068
39.1902988665792,-96.58270341919012,1.835737307247636,0.3207592050000585
39.190297852372716,-96.58270207823219,1.8252653317356697,0.6588863849999598
39.190297044315486,-96.58270106461828,1.8299777207160544,0.31926611599988064
39.19029634852054,-96.58270042267257,1.8364354389484336,0.31827415799989467
39.19029566837353,-96.5826998352012,1.834166510920841,0.36154656300004717
39.19029506740826,-96.58269931003531,1.8329447804444448,0.320266588000095
39.190294563592246,-96.58269917816861,1.8413223608540177,0.3210228560001269
39.19029417595113,-96.58269918696894,1.8353882413972369,0.6587099530001979
39.190293958322364,-96.58269955343306,1.8432422230312113,0.32128632599983575
39.19029386165061,-96.58269980158636,1.8348646426216386,0.3228727369998978
39.19029392093379,-96.58269995585806,1.8226473378576784,0.657155949999833
39.190293999588704,-96.58270049577723,1.8339919779956415,0.3189290059999621
39.190294102985725,-96.58270102970428,1.829279589015257,0.3200726319998921
39.19029436908202,-96.58270172268745,1.8257889305112682,0.6587927570001284
39.190294682012855,-96.58270246659248,1.828930523164858,0.3209636110000247
39.190295008719616,-96.58270313713689,1.8277087926884619,0.3191906540000673
39.19029542128908,-96.58270382593147,1.8254398646608694,0.46115220199999385
39.190295828922295,-96.58270458479596,1.8303267865664534,0.3198871050001344
39.19029623988882,-96.582705168862,1.8254398646608694,0.319855046000157
39.19029662938461,-96.5827057043391,1.8270106609876642,0.9601280249999036
39.190296899148045,-96.58270624016697,1.8310249182672511,0.32100459799994496
39.19029711651519,-96.58270668183314,1.8311994511924505,0.3215016100000412
39.190297172077436,-96.58270708921414,1.8320721158184476,0.6573265320000701
39.19029721166789,-96.58270771155682,1.8397515645272227,0.31921167900009095
39.19029718392633,-96.58270827396788,1.8395770316020235,0.32096718200000396
39.190296965480314,-96.58270883898889,1.8413223608540177,0.6598018489999049
39.19029667219138,-96.58270892795665,1.8282323914640601,0.3202044189999924
39.190296310489664,-96.58270899921192,1.8298031877908552,0.32275128800006314
39.190295789122004,-96.58270929421433,1.8397515645272227,0.3572394619998249
39.190295199355745,-96.58270969170127,1.8449875522832055,0.32011086400007116
39.19029454361217,-96.58270951046606,1.8282323914640601,0.3209654180000143
39.190293750094895,-96.58270939308163,1.8306758524168523,0.659010323000075
39.19029298507821,-96.58270930704053,1.8296286548656557,0.3200149480001073
39.19029226553122,-96.58270903871644,1.820902008605684,0.31991865700001654
39.19029147060896,-96.58270940995511,1.8346901096964392,0.6639987000000929
39.19029077660588,-96.58270991925392,1.8346901096964392,0.3200965470000483
39.19029029293515,-96.58271579851782,1.8336429121452427,0.9759170709999125
39.19028985456423,-96.58272039859895,1.8280578585388607,0.3279976720000377
39.19028925971571,-96.58272416198038,1.8364354389484336,0.6701358180000625
39.19028868425001,-96.58272682085568,1.8249162658852711,0.2228412329998264
39.190288159977854,-96.58272909454381,1.8334683792200432,0.225034069000003
39.190287583624965,-96.58273102910516,1.8421950254800148,0.2550205489999371
39.19028698270503,-96.58273225149647,1.8336429121452427,0.2309516629998143
39.19028584109333,-96.58273232141642,1.8282323914640601,0.8690056630000527
39.1902847307042,-96.58273217934774,1.8303267865664534,0.3230912569999873
39.1902833391619,-96.58273118939918,1.828581457314459,1.0750860170001033
39.19028510976591,-96.5827328353207,1.8381807682004279,0.21882417200004056
39.19028270111697,-96.58273120511139,1.8404496962280206,0.3259831259999828
39.19028476671381,-96.582732461381,1.8266615951372653,0.4570084050001242
39.19028100206076,-96.58272931906204,1.8315485170428494,0.3239388979998239
39.190283501981625,-96.58273088783601,1.8278833256136615,0.879179165999858
39.19028551606802,-96.58273224577043,1.8331193133696444,0.22306384599983176
39.19028705736043,-96.58273317121706,1.8331193133696444,0.972998410999935
39.19028306385252,-96.58272979963684,1.8313739841176502,0.3197639169998183
39.1902851139074,-96.58273105438901,1.8296286548656557,0.32217222000008405
39.19028258444064,-96.58272874468508,1.8268361280624648,0.5580676920001224
39.19028058883866,-96.58272670325451,1.8198548110544874,0.22704802700013715
39.19028031961983,-96.58272630786902,1.8287559902396586,1.4730774780000502
39.19027982278104,-96.58272561476765,1.8231709366332765,0.4238192699999672
39.190279452318265,-96.58272503831438,1.8261379963616668,1.2738718119999248
39.19027920307505,-96.58272494751655,1.8383553011256273,0.32229541799983963
39.190279026748584,-96.58272462245824,1.8280578585388607,0.321581943999945
39.19027885778653,-96.58272406897969,1.822472804932479,0.6584309820000271
39.19027883406119,-96.58272385344192,1.8298031877908552,0.32521305999989636
39.190279009839195,-96.5827235696775,1.8282323914640601,1.2737232080000922
39.19028235247251,-96.58272592406932,1.8320721158184476,0.3210767340001439
39.1902851514769,-96.58272812062694,1.8397515645272227,0.32301672700009476
39.1902874193207,-96.58272964229722,1.8318975828932482,0.6569412940000348
39.19028927753705,-96.5827305980143,1.824043601259274,0.31901860800007853
39.190290810173146,-96.58273158137256,1.8327702475192456,0.3210090269999455
39.19029196461741,-96.58273212955775,1.828930523164858,0.6620012560001669
39.19029290367511,-96.58273267073483,1.8343410438460404,0.32037489399999686
39.19029381439992,-96.58273311954714,1.8322466487436473,1.2775813870000547
39.19029460537579,-96.58273349265113,1.8318975828932482,0.3189981049999915
39.19029531166217,-96.58273398467195,1.8364354389484336,0.3212855070000842
39.19029586022431,-96.58273424980739,1.8336429121452427,0.6599143829998866
39.19029631118032,-96.58273441185035,1.8331193133696444,0.3240150609999546
39.19029667836923,-96.58273431663072,1.8303267865664534,1.2760775640001611
39.19029695825638,-96.58273424322489,1.8327702475192456,0.31888089999984004
39.19029645694405,-96.58273317870429,1.8249162658852711,1.3797831459999088
39.190296160805005,-96.58273233151935,1.8261379963616668,0.32030228999997234
39.19029600480652,-96.58273171615465,1.8280578585388607,0.3199582529998679
39.19029598638592,-96.58273126550368,1.8305013194916528,0.6607682030000888
39.190296003923926,-96.5827307288095,1.8250907988104703,0.3202562510000462
39.19029606443488,-96.58273039605226,1.8303267865664534,0.32256010600008267
39.19029622272069,-96.5827302764518,1.8367845047988323,0.656384074000016
39.19029641586536,-96.58273019011204,1.837831702350029,0.31996936899986395
39.19029662315617,-96.58272998555763,1.8343410438460404,0.3201011749999907
39.1902968219341,-96.58272982503091,1.8394024986768238,0.9609720769999512
39.190297002287394,-96.58272946308645,1.8305013194916528,0.3190318389999902
39.19029718399482,-96.58272891796862,1.8229964037080773,0.321067960000164
39.19029740705852,-96.58272886523949,1.836609971873633,0.6599768440000844
39.190297558323024,-96.58272889315525,1.8383553011256273,0.3200145729999804
39.190297673576914,-96.58272855514885,1.827359726838063,0.32082180800011884
39.19029780757105,-96.58272811626728,1.8222982720072793,0.6591623360000085
39.190297949360385,-96.58272762953526,1.8189821464284903,0.3199051829999462
39.19029806980362,-96.58272745878386,1.8280578585388607,0.32306098200001543
39.19029818224757,-96.58272759458958,1.835039175546838,0.656005642999844
39.19029824793622,-96.58272749418863,1.8275342597632624,0.3198223719998623
39.19029830082178,-96.5827275413106,1.8325957145940461,0.3201508259999173
39.19029830717715,-96.58272742837862,1.8270106609876642,0.3601194509999459
39.19029833040044,-96.58272723006222,1.8231709366332765,0.23179498500007867
39.190298395114205,-96.58272739109813,1.8336429121452427,1.0681399019999844
39.19029845245602,-96.58272744206809,1.8299777207160544,0.21990023400007885
39.19029852096524,-96.58272761548062,1.8345155767712398,0.3201077000001078
39.19029850717385,-96.58272759542588,1.829454121940456,0.6611480619999384
39.19029847666981,-96.58272755830235,1.8306758524168523,0.3186563549998027
39.190298428507404,-96.58272744584393,1.829454121940456,0.31992238500015446
39.190298344691946,-96.58272712505543,1.8254398646608694,0.6603280300000733
39.19029827663858,-96.58272689966876,1.8282323914640601,0.3207818880000559
39.190298213964965,-96.58272684242417,1.8324211816688465,0.32203701499997806
39.19029807183499,-96.58272660638505,1.8299777207160544,0.6572413979999965
39.19029790516436,-96.5827261348023,1.8226473378576784,0.3199209039999005
39.19029775188574,-96.58272586117204,1.8282323914640601,0.31998719099988193
39.19029755513086,-96.58272527344069,1.8207274756804845,0.9598379670001123
39.19029739036793,-96.58272486949205,1.8249162658852711,0.3202968850000616
39.19029725405983,-96.58272441045675,1.8210765415308836,0.3198759069998687
39.190297242261494,-96.58272448935764,1.8360863730980348,0.6608670989999155
39.19029723634075,-96.58272406488149,1.816887751326097,0.31835924400002114
39.19029730432462,-96.58272417070735,1.8318975828932482,0.31955319199983023
39.19029743763045,-96.58272438967263,1.828581457314459,0.6610999019999326
39.19029762909703,-96.58272480483281,1.8329447804444448,0.42417741999997816
39.190297946164996,-96.58272515468089,1.826487062212066,0.6770706289998998
39.19029828169566,-96.58272550435139,1.8268361280624648,0.3189914710001176
39.190298621772364,-96.58272604823394,1.8332938462948438,0.32400703100006467
39.190299041266904,-96.58272652970426,1.8280578585388607,0.6560324229999424
39.190299487553666,-96.58272721247167,1.836609971873633,0.3237746549998519
39.190300171957254,-96.58272803914467,1.8318975828932482,1.2772303859999283
39.19030081966367,-96.58272875183938,1.8311994511924505,0.31900165799993374
39.19030160433616,-96.58272957475116,1.8345155767712398,0.9788220259999889
39.190302311878035,-96.58272987319025,1.8195057452040886,0.321035368000139
39.1903029911029,-96.58273071246693,1.8399260974524223,0.31991970099988976
39.19030366540348,-96.58273133700676,1.8296286548656557,0.6612951609999982
39.19030428549789,-96.58273189016725,1.8291050560900572,0.32196010799998476
39.19030508334136,-96.58273270262744,1.8263125292868665,1.2770355449999897
39.19030582806988,-96.58273342160705,1.8252653317356697,0.3197480170001654
39.190306525318526,-96.5827344233293,1.8360863730980348,0.3197936250001021
39.190307309348746,-96.58273534010381,1.8332938462948438,0.6601820159999079
39.19030805292631,-96.58273605955615,1.8298031877908552,0.32026307699993595
39.19030876555163,-96.5827370078234,1.8397515645272227,0.3189660460000141
39.190309507347024,-96.58273790493197,1.836609971873633,0.6611047060000601
39.190310184886066,-96.58273878719164,1.8399260974524223,0.3190074930000719
39.19031100178461,-96.58273957077125,1.8329447804444448,1.3807749089999106
39.190311728564645,-96.58274030952688,1.8343410438460404,0.31929492300014317
39.19031236700815,-96.58274069869327,1.8243926671096726,0.31995351899990965
39.19031246598178,-96.5827411121018,1.8278833256136615,0.660082678000208
39.1903126385753,-96.58274151529952,1.8310249182672511,0.32084917799988943
39.1903128281628,-96.58274190252337,1.8291050560900572,0.32070230900012575
39.19031304751564,-96.58274237897223,1.8308503853420517,0.35915356900000006
39.190313279860916,-96.58274294451806,1.8331193133696444,0.3242077650002102
39.19031362674255,-96.58274382056746,1.8387043669760261,0.9759468560000641
39.19031395495785,-96.58274409961157,1.8229964037080773,0.3180533120000746
39.190314261955024,-96.5827444489488,1.829454121940456,0.3219447499998296
39.19031448048975,-96.58274453609714,1.8254398646608694,0.9588570220000747
39.19031462172056,-96.58274452710675,1.8243926671096726,0.32137951700019585
39.190314698772504,-96.58274454251189,1.826487062212066,0.32224310800006606
39.19031464476721,-96.5827447115115,1.8299777207160544,0.6574432589998196
39.19031455106654,-96.58274475008965,1.8263125292868665,0.3191230249999535
39.1903144366018,-96.58274476893854,1.8268361280624648,0.31985366799995063
39.19031420591402,-96.58274488560524,1.8320721158184476,0.9601024010000856
39.19031395280846,-96.58274490518049,1.8324211816688465,0.32119954099994175
39.19031362237014,-96.58274444134506,1.820902008605684,0.32160240799998974
39.19031315155847,-96.58274376969818,1.8203784098300857,0.6583901940000487
39.19031270863386,-96.58274348708042,1.8310249182672511,0.3229294590000791
39.19031299605373,-96.58274290399977,1.8263125292868665,0.976092097999981
39.190311991366634,-96.58274184139538,1.8203784098300857,0.2187585469998794
39.19031110985391,-96.58274102738271,1.8259634634364676,0.2210020899999563
39.19030749352226,-96.5827376912845,1.8352137084720377,0.7602179960001649
39.19029371965921,-96.58272537571692,1.8200293439796869,0.2279318930000045
39.19028566185612,-96.58271805458277,1.8261379963616668,0.6721008389999952
39.19028114825679,-96.58271353855768,1.8214256073812822,0.22780849500009026
39.19028025441335,-96.58271273192837,1.8345155767712398,0.9760066829999232
39.190279510025505,-96.58271202258524,1.8317230499680488,0.22132035100003122
39.19027774796979,-96.58271060160408,1.8336429121452427,0.9746396289999666
39.19027615879262,-96.58270914162654,1.8271851939128636,0.21910461499987832
39.19027525726248,-96.5827081459939,1.8226473378576784,0.2204708669999036
39.190273874843186,-96.58270700407189,1.8271851939128636,0.8604703179998978
39.19027271877922,-96.58270599190773,1.8226473378576784,0.32024395500002356
39.19027177072915,-96.58270560329657,1.8359118401728352,0.3198413840000285
39.19027110508994,-96.58270543012686,1.8263125292868665,0.660147853999888
39.19027063314122,-96.58270537201716,1.8252653317356697,0.3210580119998667
39.19027029139866,-96.5827054190968,1.8245672000348723,0.32295515600003455
39.190270025613586,-96.5827055163594,1.823694535408875,0.3550509359999978
39.190269819885444,-96.58270574067552,1.8268361280624648,0.32095233799987
39.190269680251866,-96.58270589628812,1.8222982720072793,1.3790751280000677
39.19026957629792,-96.58270639028403,1.8345155767712398,0.3207687890001125
39.19026946619693,-96.58270685868847,1.834166510920841,0.318553854999891
39.19026940542865,-96.58270719714454,1.8271851939128636,0.6615687380001418
39.190269442147304,-96.58270758348634,1.8310249182672511,0.31898672800002714
39.19026989366185,-96.58270847913336,1.836260906023234,1.2811148369999046
39.19027033952759,-96.58270904752004,1.8280578585388607,0.3199590750000425
39.19027077086126,-96.5827096622688,1.8325957145940461,0.3189135400000396
39.19027111250711,-96.58271013446105,1.8261379963616668,0.6610069440000643
39.19027130674291,-96.5827103689552,1.8221237390820801,0.32008955800006333
39.19027140074015,-96.58271069749003,1.8275342597632624,0.319988240000157
39.19027128407741,-96.58271103328927,1.8310249182672511,0.660062494000158
39.19027108834962,-96.58271134932498,1.8325957145940461,0.32002964299999803
39.19027081657987,-96.58271139435979,1.8259634634364676,0.31996630699995876
39.19027044306456,-96.58271168162985,1.8318975828932482,0.6608437190000132
39.19027008186872,-96.58271206435198,1.8345155767712398,0.31922529200005556
39.1902697546267,-96.5827123217608,1.8317230499680488,0.3199714039999435
39.190269231884265,-96.58271271584815,1.8331193133696444,0.9597849530000531
39.190268690628216,-96.58271307846414,1.8325957145940461,0.32014846199990643
39.190268155139485,-96.58271308069716,1.821774673231681,0.31982028000015816
39.1902674498299,-96.58271315938372,1.8226473378576784,0.6612418229999548
39.19026673307974,-96.58271340097798,1.8284069243892598,0.4226849960000436
39.19026581904569,-96.58271348546388,1.8271851939128636,0.9761222189999899
39.19026484801949,-96.58271374197197,1.8278833256136615,0.31935543899999175
39.190263977246005,-96.5827137975723,1.8216001403064819,0.31971524300001875
39.19026310069575,-96.58271424223008,1.8313739841176502,0.3611163260000012
39.19026230941497,-96.58271432729163,1.8212510744560828,0.3240818769997986
39.19026131596298,-96.58271478954353,1.8278833256136615,1.2758914089999962
39.19026037495138,-96.58271514483867,1.8259634634364676,0.3211700970000493
39.19026014244726,-96.58271419638622,1.8214256073812822,1.279834413999879
39.19025992447592,-96.58271371918259,1.8346901096964392,0.31900156000006064
39.1902584512661,-96.5827145059952,1.8280578585388607,0.3200676609999391
39.190258694659775,-96.58271372642143,1.8284069243892598,0.6591118179999285
39.190257581567366,-96.58271459117356,1.8249162658852711,0.32102055399991514
39.19025667276578,-96.58271577887453,1.8348646426216386,0.32278076800002964
39.19025760086768,-96.58271509717129,1.8331193133696444,0.6582437979998303
39.19025842091661,-96.58271437354068,1.8282323914640601,0.32273296500011384
39.19025939247569,-96.58271414001726,1.8296286548656557,1.5752751539998826
39.190260183753956,-96.58271397914216,1.8278833256136615,0.3200040550000267
39.19026088842489,-96.58271408759477,1.8343410438460404,0.31941739900003085
39.1902615474099,-96.58271410779693,1.8282323914640601,0.6606833739999729
39.19026220649918,-96.58271405286531,1.8259634634364676,0.320905133999986
39.190262948917265,-96.58271412121584,1.8252653317356697,0.7790226700001313
39.19026363217256,-96.58271441847116,1.8305013194916528,0.3209658099999615
39.19026419774166,-96.58271456000436,1.8249162658852711,0.3230173150000155
39.190264606679484,-96.58271508575929,1.8380062352752284,0.6570598920000066
39.190264906327684,-96.58271535839452,1.8315485170428494,0.31872018200010643
39.19026516027456,-96.58271531069325,1.8242181341844732,0.32145588000003045
39.19026519564838,-96.58271534688016,1.8271851939128636,0.6577158699999472
39.19026521758925,-96.58271582598552,1.8399260974524223,0.321826615999953
39.19026524460398,-96.58271604870257,1.8305013194916528,0.3193222790000618
39.190265380873086,-96.58271650120601,1.8376571694248296,0.6596638799999255
39.19026550514477,-96.58271669373228,1.8287559902396586,0.32126725900002384
39.19026562206952,-96.58271676958358,1.8243926671096726,0.3237882930000069
39.190265757104825,-96.58271687458604,1.8247417329600715,0.35522377300003427
39.19026590063296,-96.58271701892363,1.8249162658852711,0.32006388099989636
39.19026602831073,-96.58271714275742,1.824043601259274,0.3199648170000273
39.19026610800125,-96.58271728449286,1.8228218707828778,0.6589159089999157
39.190266170479156,-96.58271752594739,1.8259634634364676,0.32217896199995266
39.19026620196622,-96.58271801779536,1.8339919779956415,0.32277960100009295
39.190266198817355,-96.58271830831163,1.8275342597632624,0.6572108970001409
39.19026618459364,-96.58271848649473,1.8259634634364676,0.31874953800002004
39.19026613786999,-96.58271873423158,1.828930523164858,0.3206468529999711
39.19026608247888,-96.58271908142747,1.8339919779956415,0.45953049099989585
39.190266018879896,-96.58271916039088,1.8275342597632624,0.3191003639999508
39.19026594641857,-96.58271928900174,1.8317230499680488,0.32099032600012833
39.190265859396575,-96.58271910614629,1.8259634634364676,0.6610243479999554
39.19026577050227,-96.58271880602534,1.823694535408875,0.3319113990000915
39.19026554940797,-96.58271863994874,1.8306758524168523,0.9670424629998706
39.190265260081276,-96.58271842709779,1.8296286548656557,0.3211277179998433
39.19026492995847,-96.58271837350587,1.836959037724032,0.32257056399998874
39.19026440461896,-96.58271814190853,1.8373081035744308,0.6574757500000032
39.190263849770425,-96.5827176976824,1.8327702475192456,0.31785303599986037
39.190263284647486,-96.58271728785496,1.8346901096964392,0.3214527899999666
39.19026248140123,-96.58271675904119,1.8367845047988323,0.6594741420001355
39.19026171242766,-96.58271628507616,1.8381807682004279,0.31907054499993137
39.19026093476232,-96.5827157174117,1.835737307247636,0.32088228199995683
39.1902600349891,-96.58271517571562,1.8390534328264252,0.6612411539999812
39.19025860083812,-96.58271395157563,1.8252653317356697,0.3187221430000591
39.19025736878906,-96.58271290088135,1.8280578585388607,0.31995168399998875
39.19025627483648,-96.58271226098003,1.8394024986768238,0.6612050510000245
39.19025545301222,-96.58271150076094,1.829279589015257,0.31819434300018656
39.19025477105781,-96.58271102760662,1.8367845047988323,0.3202014539999709
39.19025407238815,-96.5827105342944,1.835737307247636,0.6606923300000744
39.19025211764404,-96.58270947479055,1.837831702350029,0.43297321600016403
39.190251940170626,-96.58270910033943,1.8291050560900572,0.6669386120001946
39.19025160291778,-96.58270880442966,1.8339919779956415,0.3211475809998774
39.190251412075426,-96.58270866102511,1.8353882413972369,0.3216795779999302
39.190251514022435,-96.58270862151653,1.8343410438460404,0.6583974430000126
39.190251654816116,-96.58270866472854,1.8367845047988323,0.3329175219998888
39.190251885567946,-96.58270878310395,1.8401006303776217,0.966989711999986
39.19025210829016,-96.5827081673958,1.8163641525504985,0.3200200280000445
39.19025231959659,-96.58270800548088,1.8334683792200432,1.2801234230000773
39.190252458021796,-96.58270802943024,1.837831702350029,0.31869568899992373
39.19025255992964,-96.58270760633457,1.823345469558476,0.31998986600001444
39.19025271891887,-96.58270753614121,1.8345155767712398,0.6560190570000941
39.19025286052064,-96.58270758263174,1.8359118401728352,0.31991577000007965
39.19025299588605,-96.58270739979984,1.8275342597632624,0.3212825000000521
39.190253278881634,-96.58270745479604,1.8327702475192456,0.9585085520000121
39.19025360008518,-96.58270755041855,1.8317230499680488,0.32052907100000994
39.19025391257963,-96.5827075203888,1.8275342597632624,0.3229942310001661
39.1902542941712,-96.58270759771945,1.8278833256136615,0.6599805619998733
39.19025463699937,-96.58270781716706,1.8315485170428494,0.32103500099992743
39.190254923440065,-96.58270779947084,1.8242181341844732,0.319059310999819
39.1902552542267,-96.58270794108685,1.828581457314459,0.6608893170000556
39.19025558513228,-96.58270808996467,1.8277087926884619,0.42807041599985496
39.190255983468646,-96.58270830627495,1.8343410438460404,0.6709245409999767
39.19025630814773,-96.58270813314735,1.822472804932479,0.32078549700008807
39.190256597207025,-96.58270838058085,1.8381807682004279,0.31921382499990614
39.19025682162232,-96.58270888255224,1.8465583486100006,0.3598492549999719
39.19025700101193,-96.58270907701643,1.8383553011256273,0.3211582300000373
39.19025714233666,-96.58270904852385,1.8331193133696444,0.3229816350001329
39.19025725212845,-96.58270881964359,1.8268361280624648,0.657127348000131
39.190257390732,-96.58270888090733,1.8331193133696444,0.32001704499998596
39.190257531868255,-96.58270881000146,1.8277087926884619,0.3229837030000908
39.19025757374188,-96.58270854809633,1.8280578585388607,0.6566784619999453
39.19025765584253,-96.58270856905226,1.8345155767712398,0.3213801260001219
39.19025772037104,-96.58270857392085,1.830152253641254,1.278942218000111
39.190257541013025,-96.58270858734211,1.829279589015257,0.31987548300003255
39.19025734273218,-96.58270862934647,1.8305013194916528,0.3196023890000106
39.190257072970695,-96.58270884092322,1.829279589015257,0.660482385000023
39.190256789202586,-96.58270889284492,1.823694535408875,0.31999278299986145
39.19025648667333,-96.58270893839975,1.8250907988104703,0.3199677709999378
39.190256198948596,-96.58270925779634,1.8277087926884619,0.6598757500000829
39.19025588920499,-96.58270964318014,1.8327702475192456,0.31825397400007205
39.19025545082041,-96.58270985486963,1.8311994511924505,0.3220049599999584
39.190254858669945,-96.58271001233571,1.8367845047988323,0.4599949910000305
39.1902542500571,-96.58270969079554,1.823345469558476,0.33434683400014364
39.190253623286516,-96.58270942760157,1.8259634634364676,0.965689366000106
39.190253119912995,-96.58270953226722,1.8331193133696444,0.3189946570000757
39.19025269040728,-96.58270973323273,1.8331193133696444,0.32085813399999097
39.1902523019351,-96.58270993344381,1.8346901096964392,0.3599241480001183
39.190252028554504,-96.5827098137773,1.8250907988104703,0.31905510000001414
39.1902518764514,-96.58270997793977,1.8313739841176502,0.3198988320000353
39.19025177643706,-96.58271023388488,1.8348646426216386,0.6612477809999291
39.19024934557929,-96.58270539657985,1.8228218707828778,0.32377207199988334
